{
    "images":[{
        "uuid":"F594C9D1-7D5B-3546-B72A-BA620D89B924",
        "name":"Untitled",
        "url":"base.png"
    },{
        "uuid":"CBA5F9C9-25B5-39C8-A450-1394AEC00959",
        "name":"emblema",
        "url":"emblema.png"
    }],
    "object":{
        "uuid":"05DF6406-7C41-43CF-A792-DB87D1EF54B0",
        "type":"Scene",
        "matrix":[1,0,0,0,0,1,0,0,0,0,1,0,0,0,0,1],
        "children":[{
            "name":"Camera",
            "uuid":"DE0714B3-5D16-30EF-9A0A-6C5D6DD394B9",
            "matrix":[0,0,1,0,-0,1,0,0,-1,-0,0,0,-5.5,0,0,1],
            "visible":true,
            "type":"PerspectiveCamera",
            "far":100,
            "near":0.1,
            "aspect":1.77778,
            "fov":35
        },{
            "name":"Cube",
            "uuid":"F29D1AC4-D789-3D8E-BAB5-59DC1B758FE2",
            "matrix":[-7,0,0,0,0,0,7,0,0,7,0,0,0,0,0,1],
            "visible":true,
            "type":"Mesh",
            "material":"FC9C3C1C-87E7-3748-8148-105003E5F3D5",
            "castShadow":true,
            "receiveShadow":true,
            "geometry":"13A102A2-FCD7-346C-97EF-339AC4D7C55E"
        },{
            "name":"Cylinder",
            "uuid":"5267BF4F-D758-3B25-9F2C-ED4EFC102E6F",
            "matrix":[0.121092,-0.008249,0.501253,0,-0.108616,-0.50412,0.017943,0,0.342598,-0.076806,-0.084028,0,0,0,0,1],
            "visible":true,
            "type":"Mesh",
            "material":"CF8E0469-EEC6-33CC-AEDE-65949003411B",
            "castShadow":true,
            "receiveShadow":true,
            "geometry":"C79AA9A9-DD6C-3A6B-96E7-48FF30570EF6",
            "children":[{
                "name":"Circle",
                "uuid":"A40B3D0E-BDE2-31A5-A53D-8EB5565032A8",
                "matrix":[0.896223,0.417704,0,0,0.417916,-0.895769,-0,0,0,0,-2.76995,0,-0,0,-1.01017,1],
                "visible":true,
                "type":"Mesh",
                "material":"CBA5F9C9-25B5-39C8-A450-1394AEC00959",
                "castShadow":true,
                "receiveShadow":true,
                "geometry":"2904710F-8C50-3E63-B7C0-FD067A3F7BC4"
            },{
                "name":"Cone",
                "uuid":"02BF8491-5563-3FC5-A223-35058E8B5663",
                "matrix":[-0.002675,0.00196,0.775572,0,0.542904,2.9e-05,0.003821,0,-3.1e-05,0.879709,-0.004542,0,0.007687,1.66196,-0.015737,1],
                "visible":true,
                "type":"Mesh",
                "material":"12BE7F15-7A6F-3243-88DD-7C5680E00A89",
                "castShadow":true,
                "receiveShadow":true,
                "geometry":"C4ACBF7E-D49E-3ED0-BA13-06344398EAF6"
            },{
                "name":"Cone.001",
                "uuid":"256861CD-0A5E-36AF-85DD-1D87FF05FCE1",
                "matrix":[0.000451,0.003284,0.775572,0,0.258578,-0.477128,0.003821,0,0.773918,0.41898,-0.004542,0,1.51149,0.732824,0.009078,1],
                "visible":true,
                "type":"Mesh",
                "material":"12BE7F15-7A6F-3243-88DD-7C5680E00A89",
                "castShadow":true,
                "receiveShadow":true,
                "geometry":"DF85FB7E-C809-3D2E-B5C0-CC272420482A"
            },{
                "name":"Cone.002",
                "uuid":"2C652435-53C2-3ED0-8891-1184DE71CC3C",
                "matrix":[-0.002765,-0.001831,0.775572,0,0.18767,0.509178,0.003821,0,-0.826013,0.304156,-0.004543,0,-1.5659,0.688402,-0.015737,1],
                "visible":true,
                "type":"Mesh",
                "material":"12BE7F15-7A6F-3243-88DD-7C5680E00A89",
                "castShadow":true,
                "receiveShadow":true,
                "geometry":"75C40F66-0544-34FA-BF38-7DF81EAB8A91"
            },{
                "name":"Cone.003",
                "uuid":"6CD62BCE-11AA-3C01-BCAB-C7C699824B5D",
                "matrix":[0.003299,0.000342,0.775572,0,-0.402364,-0.364299,0.003821,0,0.590888,-0.65199,-0.004542,0,1.1448,-1.21149,-0.015737,1],
                "visible":true,
                "type":"Mesh",
                "material":"12BE7F15-7A6F-3243-88DD-7C5680E00A89",
                "castShadow":true,
                "receiveShadow":true,
                "geometry":"1BE09EEA-58EB-3F50-AB8F-C828134FCE4E"
            },{
                "name":"Cone.004",
                "uuid":"3BD06BF1-8318-3C74-977C-BE189EA82F8D",
                "matrix":[0.000872,-0.003198,0.775572,0,-0.424912,0.337756,0.003821,0,-0.54794,-0.68861,-0.004543,0,-1.00328,-1.31345,-0.053422,1],
                "visible":true,
                "type":"Mesh",
                "material":"12BE7F15-7A6F-3243-88DD-7C5680E00A89",
                "castShadow":true,
                "receiveShadow":true,
                "geometry":"82D2A7BA-470E-37E3-8211-37773FD7C2CC"
            }]
        },{
            "name":"Hemi",
            "uuid":"22CFB302-A60E-370A-B795-CE269BF98925",
            "matrix":[-1,0,0,0,0,0,1,0,0,1,0,0,-0.070865,2.87587,0.304507,1],
            "visible":true,
            "type":"HemisphereLight",
            "color":16777215,
            "intensity":1,
            "distance":0
        },{
            "name":"Point",
            "uuid":"4D4EDC42-3BC7-3BFC-BF7C-1D793AC6D45C",
            "matrix":[-1,0,0,0,0,0,1,0,0,1,0,0,-1.79233,2.10114,0.501545,1],
            "visible":true,
            "type":"PointLight",
            "color":16777215,
            "intensity":0.2,
            "distance":0,
            "decayExponent":2
        }]
    },
    "geometries":[{
        "uuid":"75C40F66-0544-34FA-BF38-7DF81EAB8A91",
        "type":"Geometry",
        "materials":[{
            "DbgName":"Conos",
            "transparent":false,
            "colorDiffuse":[0.64,0.096304,0.137249],
            "shading":"phong",
            "specularCoef":50,
            "visible":true,
            "colorEmissive":[0,0,0],
            "blending":"NormalBlending",
            "opacity":1,
            "DbgColor":15658734,
            "DbgIndex":0,
            "depthWrite":true,
            "colorSpecular":[1,1,1],
            "depthTest":true,
            "wireframe":false
        }],
        "data":{
            "uvs":[],
            "faces":[34,0,9,1,0,0,1,2,34,1,9,2,0,2,1,3,34,2,9,3,0,3,1,4,34,3,9,4,0,4,1,5,34,4,9,5,0,5,1,6,34,5,9,6,0,6,1,7,34,6,9,7,0,7,1,8,34,7,9,8,0,8,1,9,34,8,9,10,0,9,1,10,34,10,9,11,0,10,1,11,34,11,9,12,0,11,1,12,34,12,9,13,0,12,1,13,34,13,9,14,0,13,1,14,34,14,9,15,0,14,1,15,34,15,9,16,0,15,1,16,34,16,9,17,0,16,1,17,34,17,9,18,0,17,1,18,34,18,9,19,0,18,1,19,34,19,9,20,0,19,1,20,34,20,9,21,0,20,1,21,34,21,9,22,0,21,1,22,34,22,9,23,0,22,1,23,34,23,9,24,0,23,1,24,34,24,9,25,0,24,1,25,34,25,9,26,0,25,1,26,34,26,9,27,0,26,1,27,34,27,9,28,0,27,1,28,34,28,9,29,0,28,1,29,34,29,9,30,0,29,1,30,34,30,9,31,0,30,1,31,34,31,9,32,0,31,1,32,34,32,9,0,0,32,1,0,34,32,0,1,0,32,0,2,34,1,2,3,0,2,3,4,34,3,4,5,0,4,5,6,34,5,6,7,0,6,7,8,34,7,8,10,0,8,9,10,34,10,11,12,0,10,11,12,34,12,13,14,0,12,13,14,34,14,15,16,0,14,15,16,34,16,17,18,0,16,17,18,34,18,19,20,0,18,19,20,34,20,21,22,0,20,21,22,34,22,23,24,0,22,23,24,34,24,25,26,0,24,25,26,34,26,27,28,0,26,27,28,34,28,29,30,0,28,29,30,34,30,31,32,0,30,31,32,34,32,1,3,0,32,2,4,34,3,5,7,0,4,6,8,34,7,10,12,0,8,10,12,34,12,14,16,0,12,14,16,34,16,18,20,0,16,18,20,34,20,22,24,0,20,22,24,34,24,26,28,0,24,26,28,34,28,30,32,0,28,30,32,34,32,3,7,0,32,4,8,34,7,12,16,0,8,12,16,34,16,20,24,0,16,20,24,34,24,28,32,0,24,28,32,34,32,7,16,0,32,8,16,34,16,24,32,0,16,24,32],
            "name":"Cone.002Geometry.1",
            "metadata":{
                "generator":"io_three",
                "uvs":0,
                "faces":62,
                "materials":1,
                "vertices":33,
                "version":3,
                "normals":33
            },
            "vertices":[0,1,-1,0.19509,0.980785,-1,0.382683,0.92388,-1,0.55557,0.83147,-1,0.707107,0.707107,-1,0.83147,0.55557,-1,0.92388,0.382683,-1,0.980785,0.19509,-1,1,0,-1,0,0,1,0.980785,-0.19509,-1,0.92388,-0.382683,-1,0.83147,-0.55557,-1,0.707107,-0.707107,-1,0.55557,-0.83147,-1,0.382683,-0.92388,-1,0.19509,-0.980785,-1,-0,-1,-1,-0.195091,-0.980785,-1,-0.382684,-0.923879,-1,-0.555571,-0.831469,-1,-0.707107,-0.707106,-1,-0.83147,-0.55557,-1,-0.92388,-0.382683,-1,-0.980785,-0.195089,-1,-1,1e-06,-1,-0.980785,0.195091,-1,-0.923879,0.382684,-1,-0.831469,0.555571,-1,-0.707106,0.707108,-1,-0.555569,0.83147,-1,-0.382682,0.92388,-1,-0.195089,0.980786,-1],
            "normals":[0,-0.503281,-0.864101,0,1,-0,0.168554,-0.503281,-0.847499,0.330668,-0.503281,-0.798334,0.480056,-0.503281,-0.718467,0.611011,-0.503281,-0.611011,0.718467,-0.503281,-0.480056,0.798334,-0.503281,-0.330668,0.847499,-0.503281,-0.168554,0.864101,-0.503281,-0,0.847499,-0.503281,0.168554,0.798334,-0.503281,0.330668,0.718467,-0.503281,0.480056,0.611011,-0.503281,0.611011,0.480056,-0.503281,0.718467,0.330668,-0.503281,0.798334,0.168554,-0.503281,0.847499,0,-0.503281,0.864101,-0.168554,-0.503281,0.847499,-0.330668,-0.503281,0.798334,-0.480056,-0.503281,0.718467,-0.611011,-0.503281,0.611011,-0.718467,-0.503281,0.480056,-0.798334,-0.503281,0.330668,-0.847499,-0.503281,0.168554,-0.864101,-0.503281,-0,-0.847499,-0.503281,-0.168554,-0.798334,-0.503281,-0.330668,-0.718467,-0.503281,-0.480056,-0.611011,-0.503281,-0.611011,-0.480056,-0.503281,-0.718467,-0.330668,-0.503281,-0.798334,-0.168554,-0.503281,-0.847499]
        }
    },{
        "uuid":"C4ACBF7E-D49E-3ED0-BA13-06344398EAF6",
        "type":"Geometry",
        "materials":[{
            "DbgName":"Conos",
            "transparent":false,
            "colorDiffuse":[0.64,0.096304,0.137249],
            "shading":"phong",
            "specularCoef":50,
            "visible":true,
            "colorEmissive":[0,0,0],
            "blending":"NormalBlending",
            "opacity":1,
            "DbgColor":15658734,
            "DbgIndex":0,
            "depthWrite":true,
            "colorSpecular":[1,1,1],
            "depthTest":true,
            "wireframe":false
        }],
        "data":{
            "uvs":[],
            "faces":[34,0,9,1,0,0,1,2,34,1,9,2,0,2,1,3,34,2,9,3,0,3,1,4,34,3,9,4,0,4,1,5,34,4,9,5,0,5,1,6,34,5,9,6,0,6,1,7,34,6,9,7,0,7,1,8,34,7,9,8,0,8,1,9,34,8,9,10,0,9,1,10,34,10,9,11,0,10,1,11,34,11,9,12,0,11,1,12,34,12,9,13,0,12,1,13,34,13,9,14,0,13,1,14,34,14,9,15,0,14,1,15,34,15,9,16,0,15,1,16,34,16,9,17,0,16,1,17,34,17,9,18,0,17,1,18,34,18,9,19,0,18,1,19,34,19,9,20,0,19,1,20,34,20,9,21,0,20,1,21,34,21,9,22,0,21,1,22,34,22,9,23,0,22,1,23,34,23,9,24,0,23,1,24,34,24,9,25,0,24,1,25,34,25,9,26,0,25,1,26,34,26,9,27,0,26,1,27,34,27,9,28,0,27,1,28,34,28,9,29,0,28,1,29,34,29,9,30,0,29,1,30,34,30,9,31,0,30,1,31,34,31,9,32,0,31,1,32,34,32,9,0,0,32,1,0,34,32,0,1,0,32,0,2,34,1,2,3,0,2,3,4,34,3,4,5,0,4,5,6,34,5,6,7,0,6,7,8,34,7,8,10,0,8,9,10,34,10,11,12,0,10,11,12,34,12,13,14,0,12,13,14,34,14,15,16,0,14,15,16,34,16,17,18,0,16,17,18,34,18,19,20,0,18,19,20,34,20,21,22,0,20,21,22,34,22,23,24,0,22,23,24,34,24,25,26,0,24,25,26,34,26,27,28,0,26,27,28,34,28,29,30,0,28,29,30,34,30,31,32,0,30,31,32,34,32,1,3,0,32,2,4,34,3,5,7,0,4,6,8,34,7,10,12,0,8,10,12,34,12,14,16,0,12,14,16,34,16,18,20,0,16,18,20,34,20,22,24,0,20,22,24,34,24,26,28,0,24,26,28,34,28,30,32,0,28,30,32,34,32,3,7,0,32,4,8,34,7,12,16,0,8,12,16,34,16,20,24,0,16,20,24,34,24,28,32,0,24,28,32,34,32,7,16,0,32,8,16,34,16,24,32,0,16,24,32],
            "name":"ConeGeometry.1",
            "metadata":{
                "generator":"io_three",
                "uvs":0,
                "faces":62,
                "materials":1,
                "vertices":33,
                "version":3,
                "normals":33
            },
            "vertices":[0,1,-1,0.19509,0.980785,-1,0.382683,0.92388,-1,0.55557,0.83147,-1,0.707107,0.707107,-1,0.83147,0.55557,-1,0.92388,0.382683,-1,0.980785,0.19509,-1,1,0,-1,0,0,1,0.980785,-0.19509,-1,0.92388,-0.382683,-1,0.83147,-0.55557,-1,0.707107,-0.707107,-1,0.55557,-0.83147,-1,0.382683,-0.92388,-1,0.19509,-0.980785,-1,-0,-1,-1,-0.195091,-0.980785,-1,-0.382684,-0.923879,-1,-0.555571,-0.831469,-1,-0.707107,-0.707106,-1,-0.83147,-0.55557,-1,-0.92388,-0.382683,-1,-0.980785,-0.195089,-1,-1,1e-06,-1,-0.980785,0.195091,-1,-0.923879,0.382684,-1,-0.831469,0.555571,-1,-0.707106,0.707108,-1,-0.555569,0.83147,-1,-0.382682,0.92388,-1,-0.195089,0.980786,-1],
            "normals":[0,-0.503281,-0.864101,0,1,-0,0.168554,-0.503281,-0.847499,0.330668,-0.503281,-0.798334,0.480056,-0.503281,-0.718467,0.611011,-0.503281,-0.611011,0.718467,-0.503281,-0.480056,0.798334,-0.503281,-0.330668,0.847499,-0.503281,-0.168554,0.864101,-0.503281,-0,0.847499,-0.503281,0.168554,0.798334,-0.503281,0.330668,0.718467,-0.503281,0.480056,0.611011,-0.503281,0.611011,0.480056,-0.503281,0.718467,0.330668,-0.503281,0.798334,0.168554,-0.503281,0.847499,0,-0.503281,0.864101,-0.168554,-0.503281,0.847499,-0.330668,-0.503281,0.798334,-0.480056,-0.503281,0.718467,-0.611011,-0.503281,0.611011,-0.718467,-0.503281,0.480056,-0.798334,-0.503281,0.330668,-0.847499,-0.503281,0.168554,-0.864101,-0.503281,-0,-0.847499,-0.503281,-0.168554,-0.798334,-0.503281,-0.330668,-0.718467,-0.503281,-0.480056,-0.611011,-0.503281,-0.611011,-0.480056,-0.503281,-0.718467,-0.330668,-0.503281,-0.798334,-0.168554,-0.503281,-0.847499]
        }
    },{
        "uuid":"13A102A2-FCD7-346C-97EF-339AC4D7C55E",
        "type":"Geometry",
        "materials":[{
            "DbgName":"Material",
            "transparent":false,
            "colorDiffuse":[0.049561,0.64,0.568643],
            "shading":"phong",
            "specularCoef":50,
            "visible":true,
            "colorEmissive":[0,0,0],
            "blending":"NormalBlending",
            "opacity":1,
            "doubleSided":true,
            "DbgColor":15658734,
            "DbgIndex":0,
            "depthWrite":true,
            "colorSpecular":[0.1,0.1,0.1],
            "depthTest":true,
            "wireframe":false
        }],
        "data":{
            "uvs":[],
            "faces":[35,2,0,1,3,0,0,0,0,0,35,3,7,6,2,0,1,1,1,1,35,0,4,5,1,0,2,2,2,2,35,0,2,6,4,0,3,3,3,3,35,5,7,3,1,0,4,4,4,4],
            "name":"CubeGeometry.1",
            "metadata":{
                "generator":"io_three",
                "uvs":0,
                "faces":5,
                "materials":1,
                "vertices":8,
                "version":3,
                "normals":5
            },
            "vertices":[-1,-1,-1,-1,-1,1,-1,1,-1,-1,1,1,1,-1,-1,1,-1,1,1,1,-1,1,1,1],
            "normals":[-1,-0,-0,0,-0,-1,0,-0,1,-0,-1,-0,-0,1,-0]
        }
    },{
        "uuid":"C79AA9A9-DD6C-3A6B-96E7-48FF30570EF6",
        "type":"Geometry",
        "materials":[{
            "mapDiffuse":"base.png",
            "DbgName":"Centro",
            "transparent":false,
            "colorDiffuse":[0.8,0.8,0.8],
            "shading":"phong",
            "mapDiffuseWrap":["RepeatWrapping","RepeatWrapping"],
            "specularCoef":50,
            "visible":true,
            "colorEmissive":[0,0,0],
            "blending":"NormalBlending",
            "opacity":1,
            "mapDiffuseAnisotropy":1,
            "DbgColor":15658734,
            "DbgIndex":0,
            "depthWrite":true,
            "mapDiffuseRepeat":[1,1],
            "colorSpecular":[0.2,0.2,0.2],
            "depthTest":true,
            "wireframe":false
        }],
        "data":{
            "uvs":[[0.595482,0,0.595482,0.334407,0.554686,0.334407,0.554685,0,0.514673,0.334407,0.514673,0,0.476982,0.334407,0.476982,0,0.443061,0.334407,0.443061,0,0.414213,0.334407,0.414213,0,0.264046,0.665593,0.264046,1,0.230125,1,0.230125,0.665593,0.192434,1,0.192434,0.665593,0.152421,1,0.152421,0.665593,0.111625,1,0.111625,0.665593,0.071612,1,0.071612,0.665593,0.033921,1,0.033921,0.665593,0,1,0,0.665593,0.707107,0.668814,0.707107,0.334407,0.741028,0.334407,0.741028,0.668814,0.778719,0.334407,0.778719,0.668814,0.818731,0.334407,0.818731,0.668814,0.859528,0.334407,0.859528,0.668814,0.89954,0.334407,0.89954,0.668814,0.937231,0.334407,0.937231,0.668814,0.971152,0.334407,0.971152,0.668814,1,0.334407,1,0.668814,0.414213,0.668814,0.414213,0.334407,0.448134,0.334407,0.448135,0.668814,0.485826,0.334407,0.485826,0.668814,0.525838,0.334407,0.525838,0.668814,0.566635,0.334407,0.566635,0.668814,0.606647,0.334407,0.606647,0.668814,0.644338,0.334407,0.644338,0.668814,0.678259,0.334407,0.678259,0.668814,0.707107,0.334407,0.735954,0,0.735954,0.334407,0.707106,0.334407,0.707106,0,0.673185,0.334407,0.673185,0,0.186708,0.665593,0.146696,0.659199,0.109005,0.646655,0.075084,0.628445,0.046237,0.605268,0.023571,0.578014,0.007959,0.547732,0,0.515584,0,0.482806,0.007959,0.450658,0.023571,0.420376,0.046236,0.393122,0.075084,0.369945,0.109005,0.351735,0.146696,0.339191,0.186708,0.332797,0.227505,0.332797,0.267517,0.339191,0.305209,0.351735,0.33913,0.369945,0.367977,0.393122,0.390642,0.420376,0.406254,0.450658,0.414213,0.482806,0.414213,0.515584,0.406254,0.547731,0.390642,0.578014,0.367977,0.605268,0.33913,0.628445,0.305209,0.646655,0.267518,0.659199,0.227505,0.665593,0.635494,0.334407,0.635494,0,0,0.182787,0,0.15001,0.007959,0.117862,0.023571,0.087579,0.046236,0.060326,0.075084,0.037148,0.109005,0.018938,0.146696,0.006395,0.186708,0,0.227505,0,0.267517,0.006395,0.305208,0.018938,0.339129,0.037148,0.367977,0.060326,0.390642,0.087579,0.406254,0.117862,0.414213,0.150009,0.414213,0.182787,0.406254,0.214935,0.390642,0.245217,0.367977,0.272471,0.339129,0.295648,0.305208,0.313859,0.267517,0.326402,0.227505,0.332797,0.186708,0.332797,0.146696,0.326402,0.109005,0.313858,0.075084,0.295648,0.046236,0.272471,0.023571,0.245217,0.007959,0.214935]],
            "faces":[43,0,1,3,2,0,0,1,2,3,0,1,2,3,43,2,3,5,4,0,3,2,4,5,3,2,4,5,43,4,5,7,6,0,5,4,6,7,5,4,6,7,43,6,7,9,8,0,7,6,8,9,7,6,8,9,43,8,9,11,10,0,9,8,10,11,9,8,10,11,43,10,11,13,12,0,12,13,14,15,11,10,12,13,43,12,13,15,14,0,15,14,16,17,13,12,14,15,43,14,15,17,16,0,17,16,18,19,15,14,16,17,43,16,17,19,18,0,19,18,20,21,17,16,18,19,43,18,19,21,20,0,21,20,22,23,19,18,20,21,43,20,21,23,22,0,23,22,24,25,21,20,22,23,43,22,23,25,24,0,25,24,26,27,23,22,24,25,43,24,25,27,26,0,28,29,30,31,25,24,26,27,43,26,27,29,28,0,31,30,32,33,27,26,28,29,43,28,29,31,30,0,33,32,34,35,29,28,30,31,43,30,31,33,32,0,35,34,36,37,31,30,32,33,43,32,33,35,34,0,37,36,38,39,33,32,34,35,43,34,35,37,36,0,39,38,40,41,35,34,36,37,43,36,37,39,38,0,41,40,42,43,37,36,38,39,43,38,39,41,40,0,43,42,44,45,39,38,40,41,43,40,41,43,42,0,46,47,48,49,41,40,42,43,43,42,43,45,44,0,49,48,50,51,43,42,44,45,43,44,45,47,46,0,51,50,52,53,45,44,46,47,43,46,47,49,48,0,53,52,54,55,47,46,48,49,43,48,49,51,50,0,55,54,56,57,49,48,50,51,43,50,51,53,52,0,57,56,58,59,51,50,52,53,43,52,53,55,54,0,59,58,60,61,53,52,54,55,43,54,55,57,56,0,61,60,62,28,55,54,56,57,43,56,57,59,58,0,63,64,65,66,57,56,58,59,43,58,59,61,60,0,66,65,67,68,59,58,60,61,42,5,3,1,0,100,69,70,4,2,1,42,1,63,61,0,70,71,72,1,62,60,42,61,59,57,0,72,73,74,60,58,56,42,57,55,53,0,74,75,76,56,54,52,42,53,51,49,0,76,77,78,52,50,48,42,49,47,45,0,78,79,80,48,46,44,42,45,43,41,0,80,81,82,44,42,40,42,41,39,37,0,82,83,84,40,38,36,42,37,35,33,0,84,85,86,36,34,32,42,33,31,29,0,86,87,88,32,30,28,42,29,27,25,0,88,89,90,28,26,24,42,25,23,21,0,90,91,92,24,22,20,42,21,19,17,0,92,93,94,20,18,16,42,17,15,13,0,94,95,96,16,14,12,42,13,11,9,0,96,97,98,12,10,8,42,9,7,5,0,98,99,100,8,6,4,42,5,1,61,0,100,70,72,4,1,60,42,61,57,53,0,72,74,76,60,56,52,42,53,49,45,0,76,78,80,52,48,44,42,45,41,37,0,80,82,84,44,40,36,42,37,33,29,0,84,86,88,36,32,28,42,29,25,21,0,88,90,92,28,24,20,42,21,17,13,0,92,94,96,20,16,12,42,13,9,5,0,96,98,100,12,8,4,42,5,61,53,0,100,72,76,4,60,52,42,53,45,37,0,76,80,84,52,44,36,42,37,29,21,0,84,88,92,36,28,20,42,21,13,5,0,92,96,100,20,12,4,42,5,53,37,0,100,76,84,4,52,36,42,37,21,5,0,84,92,100,36,20,4,43,60,61,63,62,0,68,67,101,102,61,60,62,63,43,1,0,62,63,0,1,0,102,101,1,0,63,62,42,62,0,2,0,134,103,104,63,0,3,42,2,4,6,0,104,105,106,3,5,7,42,6,8,10,0,106,107,108,7,9,11,42,10,12,14,0,108,109,110,11,13,15,42,14,16,18,0,110,111,112,15,17,19,42,18,20,22,0,112,113,114,19,21,23,42,22,24,26,0,114,115,116,23,25,27,42,26,28,30,0,116,117,118,27,29,31,42,30,32,34,0,118,119,120,31,33,35,42,34,36,38,0,120,121,122,35,37,39,42,38,40,42,0,122,123,124,39,41,43,42,42,44,46,0,124,125,126,43,45,47,42,46,48,50,0,126,127,128,47,49,51,42,50,52,54,0,128,129,130,51,53,55,42,54,56,58,0,130,131,132,55,57,59,42,58,60,62,0,132,133,134,59,61,63,42,62,2,6,0,134,104,106,63,3,7,42,6,10,14,0,106,108,110,7,11,15,42,14,18,22,0,110,112,114,15,19,23,42,22,26,30,0,114,116,118,23,27,31,42,30,34,38,0,118,120,122,31,35,39,42,38,42,46,0,122,124,126,39,43,47,42,46,50,54,0,126,128,130,47,51,55,42,54,58,62,0,130,132,134,55,59,63,42,62,6,14,0,134,106,110,63,7,15,42,14,22,30,0,110,114,118,15,23,31,42,30,38,46,0,118,122,126,31,39,47,42,46,54,62,0,126,130,134,47,55,63,42,62,14,30,0,134,110,118,63,15,31,42,30,46,62,0,118,126,134,31,47,63],
            "name":"CylinderGeometry.1",
            "metadata":{
                "generator":"io_three",
                "uvs":1,
                "faces":92,
                "materials":1,
                "vertices":64,
                "version":3,
                "normals":64
            },
            "vertices":[0,1,-1,0,1,1,0.19509,0.980785,-1,0.19509,0.980785,1,0.382683,0.92388,-1,0.382683,0.92388,1,0.55557,0.83147,-1,0.55557,0.83147,1,0.707107,0.707107,-1,0.707107,0.707107,1,0.83147,0.55557,-1,0.83147,0.55557,1,0.92388,0.382683,-1,0.92388,0.382683,1,0.980785,0.19509,-1,0.980785,0.19509,1,1,0,-1,1,0,1,0.980785,-0.19509,-1,0.980785,-0.19509,1,0.92388,-0.382683,-1,0.92388,-0.382683,1,0.83147,-0.55557,-1,0.83147,-0.55557,1,0.707107,-0.707107,-1,0.707107,-0.707107,1,0.55557,-0.83147,-1,0.55557,-0.83147,1,0.382683,-0.92388,-1,0.382683,-0.92388,1,0.19509,-0.980785,-1,0.19509,-0.980785,1,-0,-1,-1,-0,-1,1,-0.195091,-0.980785,-1,-0.195091,-0.980785,1,-0.382684,-0.923879,-1,-0.382684,-0.923879,1,-0.555571,-0.831469,-1,-0.555571,-0.831469,1,-0.707107,-0.707106,-1,-0.707107,-0.707106,1,-0.83147,-0.55557,-1,-0.83147,-0.55557,1,-0.92388,-0.382683,-1,-0.92388,-0.382683,1,-0.980785,-0.195089,-1,-0.980785,-0.195089,1,-1,1e-06,-1,-1,1e-06,1,-0.980785,0.195091,-1,-0.980785,0.195091,1,-0.923879,0.382684,-1,-0.923879,0.382684,1,-0.831469,0.555571,-1,-0.831469,0.555571,1,-0.707106,0.707108,-1,-0.707106,0.707108,1,-0.555569,0.83147,-1,-0.555569,0.83147,1,-0.382682,0.92388,-1,-0.382682,0.92388,1,-0.195089,0.980786,-1,-0.195089,0.980786,1],
            "normals":[0,-0.68569,-0.727866,0,0.68569,-0.727866,0.142003,0.68569,-0.713889,0.142003,-0.68569,-0.713889,0.278542,0.68569,-0.672475,0.278542,-0.68569,-0.672475,0.40437,0.68569,-0.605213,0.40437,-0.68569,-0.605213,0.514664,0.68569,-0.514664,0.514664,-0.68569,-0.514664,0.605213,0.68569,-0.40437,0.605213,-0.68569,-0.40437,0.672475,0.68569,-0.278542,0.672475,-0.68569,-0.278542,0.713889,0.68569,-0.142003,0.713889,-0.68569,-0.142003,0.727866,0.68569,-0,0.727866,-0.68569,-0,0.713889,0.68569,0.142003,0.713889,-0.68569,0.142003,0.672475,0.68569,0.278542,0.672475,-0.68569,0.278542,0.605213,0.68569,0.40437,0.605213,-0.68569,0.40437,0.514664,0.68569,0.514664,0.514664,-0.68569,0.514664,0.40437,0.68569,0.605213,0.40437,-0.68569,0.605213,0.278542,0.68569,0.672475,0.278542,-0.68569,0.672475,0.142003,0.68569,0.713889,0.142003,-0.68569,0.713889,0,0.68569,0.727866,0,-0.68569,0.727866,-0.142003,0.68569,0.713889,-0.142003,-0.68569,0.713889,-0.278542,0.68569,0.672475,-0.278542,-0.68569,0.672475,-0.40437,0.68569,0.605213,-0.40437,-0.68569,0.605213,-0.514664,0.68569,0.514664,-0.514664,-0.68569,0.514664,-0.605213,0.68569,0.40437,-0.605213,-0.68569,0.40437,-0.672475,0.68569,0.278542,-0.672475,-0.68569,0.278542,-0.713889,0.68569,0.142003,-0.713889,-0.68569,0.142003,-0.727866,0.68569,-0,-0.727866,-0.68569,-0,-0.713889,0.68569,-0.142003,-0.713889,-0.68569,-0.142003,-0.672475,0.68569,-0.278542,-0.672475,-0.68569,-0.278542,-0.605213,0.68569,-0.40437,-0.605213,-0.68569,-0.40437,-0.514664,0.68569,-0.514695,-0.514664,-0.68569,-0.514695,-0.40437,0.68569,-0.605213,-0.40437,-0.68569,-0.605213,-0.278542,0.68569,-0.672475,-0.278542,-0.68569,-0.672475,-0.142003,0.68569,-0.713889,-0.142003,-0.68569,-0.713889]
        }
    },{
        "uuid":"2904710F-8C50-3E63-B7C0-FD067A3F7BC4",
        "type":"Geometry",
        "materials":[{
            "mapDiffuse":"emblema.png",
            "DbgName":"emblema",
            "transparent":false,
            "colorDiffuse":[0.8,0.8,0.8],
            "shading":"phong",
            "mapDiffuseWrap":["RepeatWrapping","RepeatWrapping"],
            "specularCoef":50,
            "visible":true,
            "colorEmissive":[0,0,0],
            "blending":"NormalBlending",
            "opacity":1,
            "mapDiffuseAnisotropy":1,
            "DbgColor":15658734,
            "DbgIndex":0,
            "depthWrite":true,
            "mapDiffuseRepeat":[1,1],
            "colorSpecular":[0.5,0.5,0.5],
            "depthTest":true,
            "wireframe":false
        }],
        "data":{
            "uvs":[[0.645845,0.980785,0.549246,1,0.450755,1,0.354156,0.980785,0.263162,0.943095,0.181269,0.888376,0.111625,0.818732,0.056906,0.736839,0.019215,0.645845,0,0.549246,0,0.450755,0.019215,0.354156,0.056905,0.263162,0.111624,0.181269,0.181268,0.111625,0.263161,0.056906,0.354155,0.019215,0.450754,0,0.549245,0,0.645844,0.019215,0.736839,0.056906,0.818731,0.111624,0.888375,0.181268,0.943094,0.263161,0.980785,0.354155,1,0.450754,1,0.549246,0.980785,0.645845,0.943094,0.736839,0.888375,0.818731,0.818731,0.888375,0.736839,0.943094]],
            "faces":[42,0,1,2,0,31,0,1,0,0,0,42,2,3,4,0,1,2,3,0,0,0,42,4,5,6,0,3,4,5,0,0,0,42,6,7,8,0,5,6,7,0,0,0,42,8,9,10,0,7,8,9,0,0,0,42,10,11,12,0,9,10,11,0,0,0,42,12,13,14,0,11,12,13,0,0,0,42,14,15,16,0,13,14,15,0,0,0,42,16,17,18,0,15,16,17,0,0,0,42,18,19,20,0,17,18,19,0,0,0,42,20,21,22,0,19,20,21,1,1,1,42,22,23,24,0,21,22,23,0,0,0,42,24,25,26,0,23,24,25,0,0,0,42,26,27,28,0,25,26,27,0,0,0,42,28,29,30,0,27,28,29,1,1,1,42,30,31,0,0,29,30,31,0,0,0,42,0,2,4,0,31,1,3,0,0,0,42,4,6,8,0,3,5,7,0,0,0,42,8,10,12,0,7,9,11,0,0,0,42,12,14,16,0,11,13,15,0,0,0,42,16,18,20,0,15,17,19,1,1,1,42,20,22,24,0,19,21,23,0,0,0,42,24,26,28,0,23,25,27,1,1,1,42,28,30,0,0,27,29,31,0,0,0,42,0,4,8,0,31,3,7,0,0,0,42,8,12,16,0,7,11,15,1,1,1,42,16,20,24,0,15,19,23,0,0,0,42,24,28,0,0,23,27,31,0,0,0,42,0,8,16,0,31,7,15,2,2,2,42,16,24,0,0,15,23,31,0,0,0],
            "name":"CircleGeometry.1",
            "metadata":{
                "generator":"io_three",
                "uvs":1,
                "faces":30,
                "materials":1,
                "vertices":32,
                "version":3,
                "normals":3
            },
            "vertices":[0,1,0,-0.19509,0.980785,0,-0.382683,0.92388,0,-0.55557,0.83147,0,-0.707107,0.707107,0,-0.83147,0.55557,0,-0.92388,0.382683,0,-0.980785,0.19509,0,-1,0,0,-0.980785,-0.19509,0,-0.92388,-0.382683,0,-0.83147,-0.55557,0,-0.707107,-0.707107,0,-0.55557,-0.83147,0,-0.382683,-0.92388,0,-0.19509,-0.980785,0,0,-1,0,0.195091,-0.980785,0,0.382684,-0.923879,0,0.555571,-0.831469,0,0.707107,-0.707106,0,0.83147,-0.55557,0,0.92388,-0.382683,0,0.980785,-0.195089,0,1,1e-06,0,0.980785,0.195091,0,0.923879,0.382684,0,0.831469,0.555571,0,0.707106,0.707108,0,0.555569,0.83147,0,0.382682,0.92388,0,0.195089,0.980786,0],
            "normals":[0,1,-0,0,1,-0,0,1,0]
        }
    },{
        "uuid":"82D2A7BA-470E-37E3-8211-37773FD7C2CC",
        "type":"Geometry",
        "materials":[{
            "DbgName":"Conos",
            "transparent":false,
            "colorDiffuse":[0.64,0.096304,0.137249],
            "shading":"phong",
            "specularCoef":50,
            "visible":true,
            "colorEmissive":[0,0,0],
            "blending":"NormalBlending",
            "opacity":1,
            "DbgColor":15658734,
            "DbgIndex":0,
            "depthWrite":true,
            "colorSpecular":[1,1,1],
            "depthTest":true,
            "wireframe":false
        }],
        "data":{
            "uvs":[],
            "faces":[34,0,9,1,0,0,1,2,34,1,9,2,0,2,1,3,34,2,9,3,0,3,1,4,34,3,9,4,0,4,1,5,34,4,9,5,0,5,1,6,34,5,9,6,0,6,1,7,34,6,9,7,0,7,1,8,34,7,9,8,0,8,1,9,34,8,9,10,0,9,1,10,34,10,9,11,0,10,1,11,34,11,9,12,0,11,1,12,34,12,9,13,0,12,1,13,34,13,9,14,0,13,1,14,34,14,9,15,0,14,1,15,34,15,9,16,0,15,1,16,34,16,9,17,0,16,1,17,34,17,9,18,0,17,1,18,34,18,9,19,0,18,1,19,34,19,9,20,0,19,1,20,34,20,9,21,0,20,1,21,34,21,9,22,0,21,1,22,34,22,9,23,0,22,1,23,34,23,9,24,0,23,1,24,34,24,9,25,0,24,1,25,34,25,9,26,0,25,1,26,34,26,9,27,0,26,1,27,34,27,9,28,0,27,1,28,34,28,9,29,0,28,1,29,34,29,9,30,0,29,1,30,34,30,9,31,0,30,1,31,34,31,9,32,0,31,1,32,34,32,9,0,0,32,1,0,34,32,0,1,0,32,0,2,34,1,2,3,0,2,3,4,34,3,4,5,0,4,5,6,34,5,6,7,0,6,7,8,34,7,8,10,0,8,9,10,34,10,11,12,0,10,11,12,34,12,13,14,0,12,13,14,34,14,15,16,0,14,15,16,34,16,17,18,0,16,17,18,34,18,19,20,0,18,19,20,34,20,21,22,0,20,21,22,34,22,23,24,0,22,23,24,34,24,25,26,0,24,25,26,34,26,27,28,0,26,27,28,34,28,29,30,0,28,29,30,34,30,31,32,0,30,31,32,34,32,1,3,0,32,2,4,34,3,5,7,0,4,6,8,34,7,10,12,0,8,10,12,34,12,14,16,0,12,14,16,34,16,18,20,0,16,18,20,34,20,22,24,0,20,22,24,34,24,26,28,0,24,26,28,34,28,30,32,0,28,30,32,34,32,3,7,0,32,4,8,34,7,12,16,0,8,12,16,34,16,20,24,0,16,20,24,34,24,28,32,0,24,28,32,34,32,7,16,0,32,8,16,34,16,24,32,0,16,24,32],
            "name":"Cone.004Geometry.1",
            "metadata":{
                "generator":"io_three",
                "uvs":0,
                "faces":62,
                "materials":1,
                "vertices":33,
                "version":3,
                "normals":33
            },
            "vertices":[0,1,-1,0.19509,0.980785,-1,0.382683,0.92388,-1,0.55557,0.83147,-1,0.707107,0.707107,-1,0.83147,0.55557,-1,0.92388,0.382683,-1,0.980785,0.19509,-1,1,0,-1,0,0,1,0.980785,-0.19509,-1,0.92388,-0.382683,-1,0.83147,-0.55557,-1,0.707107,-0.707107,-1,0.55557,-0.83147,-1,0.382683,-0.92388,-1,0.19509,-0.980785,-1,-0,-1,-1,-0.195091,-0.980785,-1,-0.382684,-0.923879,-1,-0.555571,-0.831469,-1,-0.707107,-0.707106,-1,-0.83147,-0.55557,-1,-0.92388,-0.382683,-1,-0.980785,-0.195089,-1,-1,1e-06,-1,-0.980785,0.195091,-1,-0.923879,0.382684,-1,-0.831469,0.555571,-1,-0.707106,0.707108,-1,-0.555569,0.83147,-1,-0.382682,0.92388,-1,-0.195089,0.980786,-1],
            "normals":[0,-0.503281,-0.864101,0,1,-0,0.168554,-0.503281,-0.847499,0.330668,-0.503281,-0.798334,0.480056,-0.503281,-0.718467,0.611011,-0.503281,-0.611011,0.718467,-0.503281,-0.480056,0.798334,-0.503281,-0.330668,0.847499,-0.503281,-0.168554,0.864101,-0.503281,-0,0.847499,-0.503281,0.168554,0.798334,-0.503281,0.330668,0.718467,-0.503281,0.480056,0.611011,-0.503281,0.611011,0.480056,-0.503281,0.718467,0.330668,-0.503281,0.798334,0.168554,-0.503281,0.847499,0,-0.503281,0.864101,-0.168554,-0.503281,0.847499,-0.330668,-0.503281,0.798334,-0.480056,-0.503281,0.718467,-0.611011,-0.503281,0.611011,-0.718467,-0.503281,0.480056,-0.798334,-0.503281,0.330668,-0.847499,-0.503281,0.168554,-0.864101,-0.503281,-0,-0.847499,-0.503281,-0.168554,-0.798334,-0.503281,-0.330668,-0.718467,-0.503281,-0.480056,-0.611011,-0.503281,-0.611011,-0.480056,-0.503281,-0.718467,-0.330668,-0.503281,-0.798334,-0.168554,-0.503281,-0.847499]
        }
    },{
        "uuid":"1BE09EEA-58EB-3F50-AB8F-C828134FCE4E",
        "type":"Geometry",
        "materials":[{
            "DbgName":"Conos",
            "transparent":false,
            "colorDiffuse":[0.64,0.096304,0.137249],
            "shading":"phong",
            "specularCoef":50,
            "visible":true,
            "colorEmissive":[0,0,0],
            "blending":"NormalBlending",
            "opacity":1,
            "DbgColor":15658734,
            "DbgIndex":0,
            "depthWrite":true,
            "colorSpecular":[1,1,1],
            "depthTest":true,
            "wireframe":false
        }],
        "data":{
            "uvs":[],
            "faces":[34,0,9,1,0,0,1,2,34,1,9,2,0,2,1,3,34,2,9,3,0,3,1,4,34,3,9,4,0,4,1,5,34,4,9,5,0,5,1,6,34,5,9,6,0,6,1,7,34,6,9,7,0,7,1,8,34,7,9,8,0,8,1,9,34,8,9,10,0,9,1,10,34,10,9,11,0,10,1,11,34,11,9,12,0,11,1,12,34,12,9,13,0,12,1,13,34,13,9,14,0,13,1,14,34,14,9,15,0,14,1,15,34,15,9,16,0,15,1,16,34,16,9,17,0,16,1,17,34,17,9,18,0,17,1,18,34,18,9,19,0,18,1,19,34,19,9,20,0,19,1,20,34,20,9,21,0,20,1,21,34,21,9,22,0,21,1,22,34,22,9,23,0,22,1,23,34,23,9,24,0,23,1,24,34,24,9,25,0,24,1,25,34,25,9,26,0,25,1,26,34,26,9,27,0,26,1,27,34,27,9,28,0,27,1,28,34,28,9,29,0,28,1,29,34,29,9,30,0,29,1,30,34,30,9,31,0,30,1,31,34,31,9,32,0,31,1,32,34,32,9,0,0,32,1,0,34,32,0,1,0,32,0,2,34,1,2,3,0,2,3,4,34,3,4,5,0,4,5,6,34,5,6,7,0,6,7,8,34,7,8,10,0,8,9,10,34,10,11,12,0,10,11,12,34,12,13,14,0,12,13,14,34,14,15,16,0,14,15,16,34,16,17,18,0,16,17,18,34,18,19,20,0,18,19,20,34,20,21,22,0,20,21,22,34,22,23,24,0,22,23,24,34,24,25,26,0,24,25,26,34,26,27,28,0,26,27,28,34,28,29,30,0,28,29,30,34,30,31,32,0,30,31,32,34,32,1,3,0,32,2,4,34,3,5,7,0,4,6,8,34,7,10,12,0,8,10,12,34,12,14,16,0,12,14,16,34,16,18,20,0,16,18,20,34,20,22,24,0,20,22,24,34,24,26,28,0,24,26,28,34,28,30,32,0,28,30,32,34,32,3,7,0,32,4,8,34,7,12,16,0,8,12,16,34,16,20,24,0,16,20,24,34,24,28,32,0,24,28,32,34,32,7,16,0,32,8,16,34,16,24,32,0,16,24,32],
            "name":"Cone.003Geometry.1",
            "metadata":{
                "generator":"io_three",
                "uvs":0,
                "faces":62,
                "materials":1,
                "vertices":33,
                "version":3,
                "normals":33
            },
            "vertices":[0,1,-1,0.19509,0.980785,-1,0.382683,0.92388,-1,0.55557,0.83147,-1,0.707107,0.707107,-1,0.83147,0.55557,-1,0.92388,0.382683,-1,0.980785,0.19509,-1,1,0,-1,0,0,1,0.980785,-0.19509,-1,0.92388,-0.382683,-1,0.83147,-0.55557,-1,0.707107,-0.707107,-1,0.55557,-0.83147,-1,0.382683,-0.92388,-1,0.19509,-0.980785,-1,-0,-1,-1,-0.195091,-0.980785,-1,-0.382684,-0.923879,-1,-0.555571,-0.831469,-1,-0.707107,-0.707106,-1,-0.83147,-0.55557,-1,-0.92388,-0.382683,-1,-0.980785,-0.195089,-1,-1,1e-06,-1,-0.980785,0.195091,-1,-0.923879,0.382684,-1,-0.831469,0.555571,-1,-0.707106,0.707108,-1,-0.555569,0.83147,-1,-0.382682,0.92388,-1,-0.195089,0.980786,-1],
            "normals":[0,-0.503281,-0.864101,0,1,-0,0.168554,-0.503281,-0.847499,0.330668,-0.503281,-0.798334,0.480056,-0.503281,-0.718467,0.611011,-0.503281,-0.611011,0.718467,-0.503281,-0.480056,0.798334,-0.503281,-0.330668,0.847499,-0.503281,-0.168554,0.864101,-0.503281,-0,0.847499,-0.503281,0.168554,0.798334,-0.503281,0.330668,0.718467,-0.503281,0.480056,0.611011,-0.503281,0.611011,0.480056,-0.503281,0.718467,0.330668,-0.503281,0.798334,0.168554,-0.503281,0.847499,0,-0.503281,0.864101,-0.168554,-0.503281,0.847499,-0.330668,-0.503281,0.798334,-0.480056,-0.503281,0.718467,-0.611011,-0.503281,0.611011,-0.718467,-0.503281,0.480056,-0.798334,-0.503281,0.330668,-0.847499,-0.503281,0.168554,-0.864101,-0.503281,-0,-0.847499,-0.503281,-0.168554,-0.798334,-0.503281,-0.330668,-0.718467,-0.503281,-0.480056,-0.611011,-0.503281,-0.611011,-0.480056,-0.503281,-0.718467,-0.330668,-0.503281,-0.798334,-0.168554,-0.503281,-0.847499]
        }
    },{
        "uuid":"DF85FB7E-C809-3D2E-B5C0-CC272420482A",
        "type":"Geometry",
        "materials":[{
            "DbgName":"Conos",
            "transparent":false,
            "colorDiffuse":[0.64,0.096304,0.137249],
            "shading":"phong",
            "specularCoef":50,
            "visible":true,
            "colorEmissive":[0,0,0],
            "blending":"NormalBlending",
            "opacity":1,
            "DbgColor":15658734,
            "DbgIndex":0,
            "depthWrite":true,
            "colorSpecular":[1,1,1],
            "depthTest":true,
            "wireframe":false
        }],
        "data":{
            "uvs":[],
            "faces":[34,0,9,1,0,0,1,2,34,1,9,2,0,2,1,3,34,2,9,3,0,3,1,4,34,3,9,4,0,4,1,5,34,4,9,5,0,5,1,6,34,5,9,6,0,6,1,7,34,6,9,7,0,7,1,8,34,7,9,8,0,8,1,9,34,8,9,10,0,9,1,10,34,10,9,11,0,10,1,11,34,11,9,12,0,11,1,12,34,12,9,13,0,12,1,13,34,13,9,14,0,13,1,14,34,14,9,15,0,14,1,15,34,15,9,16,0,15,1,16,34,16,9,17,0,16,1,17,34,17,9,18,0,17,1,18,34,18,9,19,0,18,1,19,34,19,9,20,0,19,1,20,34,20,9,21,0,20,1,21,34,21,9,22,0,21,1,22,34,22,9,23,0,22,1,23,34,23,9,24,0,23,1,24,34,24,9,25,0,24,1,25,34,25,9,26,0,25,1,26,34,26,9,27,0,26,1,27,34,27,9,28,0,27,1,28,34,28,9,29,0,28,1,29,34,29,9,30,0,29,1,30,34,30,9,31,0,30,1,31,34,31,9,32,0,31,1,32,34,32,9,0,0,32,1,0,34,32,0,1,0,32,0,2,34,1,2,3,0,2,3,4,34,3,4,5,0,4,5,6,34,5,6,7,0,6,7,8,34,7,8,10,0,8,9,10,34,10,11,12,0,10,11,12,34,12,13,14,0,12,13,14,34,14,15,16,0,14,15,16,34,16,17,18,0,16,17,18,34,18,19,20,0,18,19,20,34,20,21,22,0,20,21,22,34,22,23,24,0,22,23,24,34,24,25,26,0,24,25,26,34,26,27,28,0,26,27,28,34,28,29,30,0,28,29,30,34,30,31,32,0,30,31,32,34,32,1,3,0,32,2,4,34,3,5,7,0,4,6,8,34,7,10,12,0,8,10,12,34,12,14,16,0,12,14,16,34,16,18,20,0,16,18,20,34,20,22,24,0,20,22,24,34,24,26,28,0,24,26,28,34,28,30,32,0,28,30,32,34,32,3,7,0,32,4,8,34,7,12,16,0,8,12,16,34,16,20,24,0,16,20,24,34,24,28,32,0,24,28,32,34,32,7,16,0,32,8,16,34,16,24,32,0,16,24,32],
            "name":"Cone.001Geometry.1",
            "metadata":{
                "generator":"io_three",
                "uvs":0,
                "faces":62,
                "materials":1,
                "vertices":33,
                "version":3,
                "normals":33
            },
            "vertices":[0,1,-1,0.19509,0.980785,-1,0.382683,0.92388,-1,0.55557,0.83147,-1,0.707107,0.707107,-1,0.83147,0.55557,-1,0.92388,0.382683,-1,0.980785,0.19509,-1,1,0,-1,0,0,1,0.980785,-0.19509,-1,0.92388,-0.382683,-1,0.83147,-0.55557,-1,0.707107,-0.707107,-1,0.55557,-0.83147,-1,0.382683,-0.92388,-1,0.19509,-0.980785,-1,-0,-1,-1,-0.195091,-0.980785,-1,-0.382684,-0.923879,-1,-0.555571,-0.831469,-1,-0.707107,-0.707106,-1,-0.83147,-0.55557,-1,-0.92388,-0.382683,-1,-0.980785,-0.195089,-1,-1,1e-06,-1,-0.980785,0.195091,-1,-0.923879,0.382684,-1,-0.831469,0.555571,-1,-0.707106,0.707108,-1,-0.555569,0.83147,-1,-0.382682,0.92388,-1,-0.195089,0.980786,-1],
            "normals":[0,-0.503281,-0.864101,0,1,-0,0.168554,-0.503281,-0.847499,0.330668,-0.503281,-0.798334,0.480056,-0.503281,-0.718467,0.611011,-0.503281,-0.611011,0.718467,-0.503281,-0.480056,0.798334,-0.503281,-0.330668,0.847499,-0.503281,-0.168554,0.864101,-0.503281,-0,0.847499,-0.503281,0.168554,0.798334,-0.503281,0.330668,0.718467,-0.503281,0.480056,0.611011,-0.503281,0.611011,0.480056,-0.503281,0.718467,0.330668,-0.503281,0.798334,0.168554,-0.503281,0.847499,0,-0.503281,0.864101,-0.168554,-0.503281,0.847499,-0.330668,-0.503281,0.798334,-0.480056,-0.503281,0.718467,-0.611011,-0.503281,0.611011,-0.718467,-0.503281,0.480056,-0.798334,-0.503281,0.330668,-0.847499,-0.503281,0.168554,-0.864101,-0.503281,-0,-0.847499,-0.503281,-0.168554,-0.798334,-0.503281,-0.330668,-0.718467,-0.503281,-0.480056,-0.611011,-0.503281,-0.611011,-0.480056,-0.503281,-0.718467,-0.330668,-0.503281,-0.798334,-0.168554,-0.503281,-0.847499]
        }
    }],
    "materials":[{
        "emissive":0,
        "map":"57C8C518-0CD0-3866-88FE-BBB14474EBD7",
        "vertexColors":0,
        "type":"MeshPhongMaterial",
        "shininess":50,
        "uuid":"CF8E0469-EEC6-33CC-AEDE-65949003411B",
        "specular":3355443,
        "blending":"NormalBlending",
        "color":13421772,
        "name":"Centro",
        "depthWrite":true,
        "depthTest":true
    },{
        "uuid":"12BE7F15-7A6F-3243-88DD-7C5680E00A89",
        "emissive":0,
        "shininess":50,
        "depthWrite":true,
        "blending":"NormalBlending",
        "color":10688546,
        "type":"MeshPhongMaterial",
        "name":"Conos",
        "vertexColors":0,
        "specular":16777215,
        "depthTest":true
    },{
        "emissive":0,
        "map":"CBA5F9C9-25B5-39C8-A450-1394AEC00959",
        "vertexColors":0,
        "type":"MeshPhongMaterial",
        "shininess":50,
        "uuid":"CBA5F9C9-25B5-39C8-A450-1394AEC00959",
        "specular":8355711,
        "blending":"NormalBlending",
        "color":13421772,
        "name":"emblema",
        "depthWrite":true,
        "depthTest":true
    },{
        "emissive":0,
        "vertexColors":0,
        "type":"MeshPhongMaterial",
        "shininess":50,
        "side":2,
        "uuid":"FC9C3C1C-87E7-3748-8148-105003E5F3D5",
        "specular":1644825,
        "blending":"NormalBlending",
        "color":828305,
        "name":"Material",
        "depthWrite":true,
        "depthTest":true
    }],
    "animations":[{
        "name":"default",
        "fps":24,
        "tracks":[]
    }],
    "textures":[{
        "uuid":"57C8C518-0CD0-3866-88FE-BBB14474EBD7",
        "repeat":[1,1],
        "image":"F594C9D1-7D5B-3546-B72A-BA620D89B924",
        "minFilter":1008,
        "mapping":300,
        "magFilter":1006,
        "name":"Texture",
        "anisotropy":1,
        "wrap":[1000,1000]
    },{
        "uuid":"CBA5F9C9-25B5-39C8-A450-1394AEC00959",
        "repeat":[1,1],
        "image":"CBA5F9C9-25B5-39C8-A450-1394AEC00959",
        "minFilter":1008,
        "mapping":300,
        "magFilter":1006,
        "name":"emblema",
        "anisotropy":1,
        "wrap":[1000,1000]
    }],
    "metadata":{
        "type":"Object",
        "generator":"io_three",
        "version":4.4,
        "sourceFile":"pinata.blend"
    }
}